/*
 Navicat Premium Data Transfer

 Source Server         : Skin
 Source Server Type    : MySQL
 Source Server Version : 80033 (8.0.33)
 Source Host           : 127.0.0.1:3306
 Source Schema         : skin

 Target Server Type    : MySQL
 Target Server Version : 80033 (8.0.33)
 File Encoding         : 65001

 Date: 02/07/2024 15:59:14
*/

SET NAMES utf8mb4;
SET FOREIGN_KEY_CHECKS = 0;

-- ----------------------------
-- Table structure for count
-- ----------------------------
DROP TABLE IF EXISTS `count`;
CREATE TABLE `count`  (
  `count` bigint NOT NULL,
  PRIMARY KEY (`count`) USING BTREE
) ENGINE = InnoDB CHARACTER SET = utf8mb4 COLLATE = utf8mb4_0900_ai_ci ROW_FORMAT = Dynamic;

-- ----------------------------
-- Records of count
-- ----------------------------
INSERT INTO `count` VALUES (11);

-- ----------------------------
-- Table structure for result
-- ----------------------------
DROP TABLE IF EXISTS `result`;
CREATE TABLE `result`  (
  `result_id` int NOT NULL AUTO_INCREMENT,
  `info_id` int NULL DEFAULT NULL,
  `sickness_id1` int NULL DEFAULT NULL,
  `probability_1` float NULL DEFAULT NULL,
  `sickness_id2` int NULL DEFAULT NULL,
  `probability_2` float NULL DEFAULT NULL,
  `sickness_id3` int NULL DEFAULT NULL,
  `probability_3` float NULL DEFAULT NULL,
  `date` date NULL DEFAULT NULL,
  `resulturl` varchar(255) CHARACTER SET utf8mb4 COLLATE utf8mb4_0900_ai_ci NULL DEFAULT NULL,
  PRIMARY KEY (`result_id`) USING BTREE,
  INDEX `info_idlink`(`info_id` ASC) USING BTREE,
  INDEX `sickness_id1link`(`sickness_id1` ASC) USING BTREE,
  INDEX `sickness_id2link`(`sickness_id2` ASC) USING BTREE,
  INDEX `sickness_id3link`(`sickness_id3` ASC) USING BTREE,
  CONSTRAINT `info_idlink` FOREIGN KEY (`info_id`) REFERENCES `user_info` (`info_id`) ON DELETE CASCADE ON UPDATE CASCADE,
  CONSTRAINT `sickness_id1link` FOREIGN KEY (`sickness_id1`) REFERENCES `sickness` (`sickness_id`) ON DELETE SET NULL ON UPDATE SET NULL,
  CONSTRAINT `sickness_id2link` FOREIGN KEY (`sickness_id2`) REFERENCES `sickness` (`sickness_id`) ON DELETE SET NULL ON UPDATE SET NULL,
  CONSTRAINT `sickness_id3link` FOREIGN KEY (`sickness_id3`) REFERENCES `sickness` (`sickness_id`) ON DELETE SET NULL ON UPDATE SET NULL
) ENGINE = InnoDB AUTO_INCREMENT = 61 CHARACTER SET = utf8mb4 COLLATE = utf8mb4_0900_ai_ci ROW_FORMAT = Dynamic;

-- ----------------------------
-- Records of result
-- ----------------------------
INSERT INTO `result` VALUES (54, 16, 24, 90, 54, 78.1273, 14, 77.1536, '2024-04-10', '\\\\2024-04-10_13-23-43.jpg');
INSERT INTO `result` VALUES (55, 3, 24, 90, 54, 75.3249, 14, 74.4973, '2024-04-12', '\\\\2024-04-12_01-39-39.jpg');
INSERT INTO `result` VALUES (56, 3, 24, 90, 54, 51.6516, 14, 51.084, '2024-04-12', '\\\\2024-04-12_05-32-53.jpg');
INSERT INTO `result` VALUES (57, 32, 24, 90, 54, 73.7111, 14, 72.7924, '2024-04-12', '\\\\2024-04-12_05-47-09.jpg');
INSERT INTO `result` VALUES (58, 16, 22, 90, 48, 87.4865, 5, 71.4695, '2024-04-12', '\\\\2024-04-12_06-01-02.jpg');

-- ----------------------------
-- Table structure for sickness
-- ----------------------------
DROP TABLE IF EXISTS `sickness`;
CREATE TABLE `sickness`  (
  `sickness_id` int NOT NULL AUTO_INCREMENT,
  `sicknessurl` varchar(255) CHARACTER SET utf8mb4 COLLATE utf8mb4_0900_ai_ci NOT NULL,
  `Wsicknessname` varchar(255) CHARACTER SET utf8mb4 COLLATE utf8mb4_0900_ai_ci NOT NULL,
  `Csicknessname` varchar(255) CHARACTER SET utf8mb4 COLLATE utf8mb4_0900_ai_ci NULL DEFAULT NULL,
  `isChinesemedicine` int NOT NULL,
  `Wsymptoms` varchar(255) CHARACTER SET utf8mb4 COLLATE utf8mb4_0900_ai_ci NOT NULL,
  `Csymptoms` varchar(255) CHARACTER SET utf8mb4 COLLATE utf8mb4_0900_ai_ci NULL DEFAULT NULL,
  `Wcause` varchar(255) CHARACTER SET utf8mb4 COLLATE utf8mb4_0900_ai_ci NOT NULL,
  `Ccause` varchar(255) CHARACTER SET utf8mb4 COLLATE utf8mb4_0900_ai_ci NULL DEFAULT NULL,
  `Wtreatment` varchar(255) CHARACTER SET utf8mb4 COLLATE utf8mb4_0900_ai_ci NOT NULL,
  `Ctreatment` varchar(255) CHARACTER SET utf8mb4 COLLATE utf8mb4_0900_ai_ci NULL DEFAULT NULL,
  `urgency` varchar(255) CHARACTER SET utf8mb4 COLLATE utf8mb4_0900_ai_ci NOT NULL,
  PRIMARY KEY (`sickness_id`) USING BTREE
) ENGINE = InnoDB AUTO_INCREMENT = 72 CHARACTER SET = utf8mb4 COLLATE = utf8mb4_0900_ai_ci ROW_FORMAT = Dynamic;

-- ----------------------------
-- Records of sickness
-- ----------------------------
INSERT INTO `sickness` VALUES (0, '\\\\0.jpg', '鼻赘', '', 0, '鼻部变大，周围皮肤皮脂溢出，增生不平。', '', '鼻部皮脂溢出过多，与内分泌失调，螨虫感染，嗜烟酗酒等有关。', '', '1.冷冻治疗、CO2激光治疗或皮肤磨削术等物理方法去除。2.通过手术切除去除。3.注意饮食清淡易消化，避免食用辛辣刺激性食品。', '', '出现鼻赘应及时就医，以防止病情继续恶化。');
INSERT INTO `sickness` VALUES (1, '\\\\1.jpg', '白癜风', '白驳风', 1, '皮肤上出现色素丧失的白斑。', '皮肤失养而变白。', '皮肤黑素细胞功能消失，与遗传，自身免疫有关。', '气血不和，气血瘀滞，气血两亏，风湿之邪。', '1.外用：他克莫司软膏、卡泊三醇软膏等；口服：胸腺肽肠溶胶囊、甲泼尼龙片、白癜风胶囊或白灵片等。2.紫外线照射和激光治疗。3.皮肤移植和黑素细胞移植。', '1.口服：归脾丸、柴胡舒肝丸。外用：消白软膏、补骨脂酊等药物。2.针灸，拔罐。3.调整饮食，可适量吃山药、大枣、黑豆等。', '不会危及生命，但会影响美观，可根据患者情况选择是否就医。');
INSERT INTO `sickness` VALUES (2, '\\\\2.jpg', '瘢痕', '蟹足肿/巨痕症', 1, '创伤后皮肤组织创伤修复过程产生的疤痕。', '凸出皮肤表面呈瘤状增生，表面光滑，色红而发亮。', '人体的皮肤损伤。', '病折疮愈，余毒未殄，故疮痂虽落而瘢痕不灭。', '1.注射长效类固醇制剂。2.手术切除，皮肤磨削术。3.激光治疗，放射治疗等。', '1.外用：乌梅糊、当归苏木洗液、血藤敷剂。2.拔罐疗法，按摩推拿。3.多吃富含蛋白质、维生素C、锌、铜等营养物质的食物，如鸡蛋、瘦肉、鱼类、豆腐、鲜果等。', '不会危及生命，但会影响美观，可根据患者情况选择是否就医。');
INSERT INTO `sickness` VALUES (3, '\\\\3.jpg', '扁平苔藓', '紫癜风', 1, '紫红色多角形扁平丘疹和斑块，表面有光泽，可见白色网状条纹。', '皮损为紫红色扁平丘疹，有蜡样光泽，常伴瘙痒。', '与活化的T细胞攻击基底层角质形成细胞有关，涉及免疫、代谢和内分泌等方面。', '多由热毒和湿毒积聚﹐或气滞血瘀,气血失和,湿热循经上逆,熏蒸于口,或肝郁血虚,化火而致。', '1.外用：丁酸氢化可的松软膏、丙酸氟替卡松软膏、卤米松软膏。口服：盐酸西替利嗪片、盐酸奥洛他定片、氯雷他定胶囊。2.平时不要让局部受到刺激，而且也需要减少阳光照射的时间。', '1.口服：六味地黄丸、四君子丸、生脉饮。2.针刺疗法。', '出现扁平苔藓应及时就医，以防止病情继续恶化。');
INSERT INTO `sickness` VALUES (4, '\\\\4.jpg', '斑秃', '油风/鬼剃头', 1, '突然发生的斑状脱发，脱发斑多呈圆形或椭圆形，大小不等。', '骤然发作的局限性斑片状的脱发。', '毛囊免疫豁免机制被破坏，可能与自身免疫、遗传等因素有关。', '肝肾不足或者脾胃虚弱、肝气郁结。', '1.外用：卤米松软膏。口服：复方甘草酸苷片。2.饮食清淡，避免吃辛辣生冷油腻的食物，积极的进行体育锻炼。', '1.口服：斑秃丸，养血生发胶囊。常用中药：枸杞、当归、白芍、何首乌等。2.饮食以清淡营养的种植坚果食品为主。', '出现斑秃应及时就医，以防止病情继续恶化。');
INSERT INTO `sickness` VALUES (5, '\\\\5.jpg', '斑疹', '', 0, '皮肤局限性或弥漫性皮色改变，不隆起也不凹陷。', '', '由感染、物理、化学因素、色素改变、皮肤血管发育异常、皮肤内出血等引起。', '', '1.外用：糖酸莫米松乳膏、地奈德乳膏。口服：扑尔敏，赛庚啶。2.避免搔抓，避免过度洗烫，保持皮肤的滋润和屏障功能。', '', '应及时就医，确定引起斑疹的原因。');
INSERT INTO `sickness` VALUES (6, '\\\\6.jpg', '痤疮', '粉刺/面疮', 1, '以粉刺、丘疹、脓疱等为特征，常伴皮脂溢出。', '面部潮红，粉刺红肿疼痛或有脓包。', '与雄激素水平和皮脂分泌增加有关。', '滋生脾胃湿热，邪热发于皮肤而致。', '1.外用：维A酸乳膏、夫西地酸乳膏、过氧苯甲酰凝胶。口服：多西环素，米诺环素。2.保持饮食清淡，少吃脂肪含量高、糖类和辛辣的刺激性食物。3.每天洗脸，使用温和的洁面产品。4.激光治疗、超声波治疗、光动力疗法、化学剥脱等方法。', '1.口服：知柏地黄丸、消痤汤、桃红四物汤。2.放血治疗、针灸治疗、拔罐治疗等。', '不会危及生命，但会影响美观，可根据患者情况选择是否就医。');
INSERT INTO `sickness` VALUES (7, '\\\\7.jpg', '传染性红斑', '', 0, '出现玫瑰红色丘疹。', '', '细小病毒B19感染引起。', '', '1.外用：炉甘石洗剂。口服：异丙嗪、氯苯那敏等。2.保持皮疹部位的清洁干燥，进行隔离处理。3.多吃蔬菜水果，忌辛辣。', '', '6-10天自动消退，一般不需要就医。');
INSERT INTO `sickness` VALUES (8, '\\\\8.jpg', '传染性软疣', '水瘊子', 1, '白色、半球形丘疹，有蜡样光泽，挑破可挤出白色乳酪样物质。', '小丘疹逐渐增大至绿豆大小，呈半圆型。', '传染性软疣病毒感染引起。', '传染性软疣病毒感染引起。', '1.外用：3%酞丁胺软膏，西多福韦软膏。2.冷冻治疗。3.刮除后涂以2%碘酊。', '1.外用：苡根附搽剂，枫鸦甲搽剂。2.针灸治疗。3.艾灸治疗。', '出现传染性软疣应及时就医，以防止病情继续恶化。');
INSERT INTO `sickness` VALUES (9, '\\\\9.jpg', '单纯糠疹', '桃花癣', 1, '一个或数个圆形或椭圆形，钱币大小的斑片，呈苍白色，表面干燥，附有少量细碎灰白色鳞屑。', '多个大小不等圆形或椭圆形的浅色斑，上面附有细小的糠秕样鳞屑。', '日光照射、营养不良、皮肤干燥、维生素缺乏引起。', '风热郁肺，随阴气上升而成，或由饮食不节，虫邪内生，脾失健运。', '1.外用：3-5%硫磺霜、2%水杨酸软膏、5%尿素霜或皮质类固醇激素。内服：维生素B2、复合维生素B。2.可采用紫外线，日光浴或PUVA等治疗。', '1.口服：犀角化毒丸，小儿香橘丹，桑菊饮，香砂六君子汤。外用：黄连膏、甘草油。2.小儿推拿。', '不会危及生命，但会影响美观，可根据患者情况选择是否就医。');
INSERT INTO `sickness` VALUES (10, '\\\\10.jpg', '单纯疱疹', '热疮/火燎疮', 1, '皮肤黏膜出现灼热、群集性水疱，随后形成溃疡。', '出现簇集性小水疱，随后破裂糜烂、渗液、结痂。', '单纯疱疹病毒（HSV）感染引起。', '单纯疱疹病毒（HSV）感染引起。', '1.口服：阿昔洛韦、伐昔洛韦、泛昔洛韦、喷昔洛韦。外用：阿昔洛韦软膏、喷昔洛韦软膏、炉甘石洗剂。2.注意休息、加强营养、提高机体免疫力。', '1.口服：辛夷清肺饮，龙胆泻肝汤。二味拔毒散调茶水或紫金锭磨水外搽，外用青黛膏、黄连膏等。2.多饮水、注意休息、饮食清淡。', '出现单纯疱疹应及时就医，以防止病情继续恶化。');
INSERT INTO `sickness` VALUES (11, '\\\\11.jpg', '多形红斑', '猫眼疮', 1, '皮疹多形，有红斑、丘疹、风团、水疱、大疱和紫癜等。', '皮疹具有多形性，虹膜样红斑。', '与感染、药物、接触物、内脏疾病等有关。', '与体内的风湿热邪有关。', '1.外用：炉甘石洗剂，皮质类固醇霜剂，硼酸溶液湿敷。2.保持皮肤清洁，避免抓挠患处。', '1.口服：龙胆泻肝丸、金莲花片。2.针灸、拔罐。', '出现多形红斑应及时就医，以防止病情继续恶化。');
INSERT INTO `sickness` VALUES (12, '\\\\12.jpg', '多形性日光疹', '日晒疮', 1, '局部皮肤烧灼感或瘙痒，数日后发疹，损害有红斑、丘疹等。', '曝晒后，局部出现大片水肿性鲜红色斑片。', '多种原因引起的迟发性光变态反应。', '正常皮肤经暴晒后产生。', '1.外用：炉甘石洗剂、复方薄荷脑软膏。口服：沙利度胺、硫酸羟氯喹。2.出门涂抹防晒霜，穿防晒衣，避免长时间日光暴晒。', '荆防汤，消风汤，龙胆泻肝汤。', '出现多形性日光疹应及时就医，以防止病情继续恶化。');
INSERT INTO `sickness` VALUES (13, '\\\\13.jpg', '带状疱疹', '蛇串疮', 1, '沿身体周围神经出现呈带状分布的、成簇出现的疱疹。', '簇集水疱，沿一侧周围神经作群集带状分布。', '水痘-带状疱疹病毒感染引起。', '肝气郁结、脾经湿热内蕴，外溢皮肤，以及气滞血瘀等。', '1.口服：阿昔洛韦、伐昔洛韦、泛昔洛韦。2.保持皮疹清洁干燥、穿着宽松衣服、冷敷、炉甘石洗剂、紫外线等照射。', '1.除湿胃苓汤，龙胆泻肝汤，桃红四物汤。2.针灸疗法。', '出现带状疱疹应及时就医，以防止病情继续恶化。');
INSERT INTO `sickness` VALUES (14, '\\\\14.jpg', '发育不良痣', '', 0, '直径>5mm、不对称、杂色的不典型痣。', '', '与黑色素细胞增生、分化异常有关。', '', '激光治疗、冷冻治疗、手术治疗、化学治疗、光动力疗法。', '', '出现发育不良痣应及时就医，以防止病情继续恶化。');
INSERT INTO `sickness` VALUES (15, '\\\\15.jpg', '痱子', '痱疮', 1, '皮损为小水疱、丘疹或丘疱疹，烧灼、刺痒感。', '皮肤出现针头样大小的红疹或小疱，伴有灼热、瘙痒', '由于气温高、湿度大，出汗过多，不易蒸发等所致。', '暑湿蕴蒸、湿热郁滞、暑热化毒。', '1.外用：红霉素软膏，夫西地酸乳膏。口服：氯雷他定，西替利嗪。2.温水清洗，保持皮肤清洁和干爽。', '1.口服：黄芩汤，薏苡竹叶散，清暑汤，氤氲汤。外用：鸡苏散加冰片，六一散加枯矾散。2.保持身体的清洁，少吃油腻辛辣的食物，注意防暑降温。', '出现痱子应及时就医，以防止病情继续恶化。');
INSERT INTO `sickness` VALUES (16, '\\\\16.jpg', '光化性角化病', '', 0, '表面粗糙，可见角化性鳞屑，鳞屑下基面红润，凹凸不平，呈乳头状。', '', '日光、紫外线、放射性热能以及沥青或煤及其提炼物均可诱发。', '', '1外用：外用氧化锌软膏。口服：氯苯那敏、赛庚啶。2.经常参加户外锻炼，以增强皮肤对日光照射的耐受力。', '', '出现光化性角化病应及时就医，以防止病情继续恶化。');
INSERT INTO `sickness` VALUES (17, '\\\\17.jpg', '花斑糠疹', '紫白癜风', 1, '色素减退或色素沉着斑，上有糠秕状的脱屑。', '圆形点状斑疹，不断融合成大片，表面覆少量糠秕样鳞屑。', '马拉色菌感染表皮角质层引起。', '马拉色菌侵犯皮肤角质引起。', '1.外用：酮康唑、联苯苄唑、克霉唑。口服：伊曲康唑、氟康唑。2.注意个人卫生，以避免感染源的传播。', '1.中药内服：地黄、川芎、白术、黄柏等。2.穴位按摩：大椎、曲池、内关等穴位。', '不会危及生命，但会影响美观，可根据患者情况选择是否就医。');
INSERT INTO `sickness` VALUES (18, '\\\\18.jpg', '红斑狼疮', '红蝴蝶疮', 1, '面颊部出现蝶形红斑。', '蝴蝶形红斑，伴有反复低热。', '体内雌激素过高引起。', '先天禀赋不足肝肾亏损。', '1.外用：糖皮质激素、钙调磷酸酶抑制剂。口服：抗疟药，糖皮质激素。2.血浆置换。3.透析。', '1.口服：清热地黄汤、六味地黄汤、补中益气汤、济生肾气丸。2.针灸疗法，耳针疗法、穴位封闭法、调治法及食疗。', '出现红斑狼疮应及时就医，以防止病情继续恶化。');
INSERT INTO `sickness` VALUES (19, '\\\\19.jpg', '黄褐斑', '肝斑', 1, '黄褐或深褐色斑片。', '皮肤上出现黄褐色、棕褐色的斑块', '血中雌激素水平高。', '脾胃湿热、脾肾阳虚。', '1.外用：5%氢醌霜、2-4%曲酸霜，3%熊果苷。2.液氮冷冻治疗。3.面膜疗法。', '1.六味地黄丸，滋补肝肾丸、逍遥丸。2.放松心情、减少压力，多吃水果。', '不会危及生命，但会影响美观，可根据患者情况选择是否就医。');
INSERT INTO `sickness` VALUES (20, '\\\\20.jpg', '化脓性汗腺炎', '蜂窝漏', 1, '硬性皮下结节，自觉疼痛及压痛，结节深部化脓，向表面破溃。', '反复发生皮肤脓肿、窦道及瘢痕形成.', '金黄色葡萄球菌或化脓性链球菌及其他革兰阴性菌感染引起。', '肝脾二脏湿热，加之湿潮多汗，搔破染毒，气滞血凝而成。', '1.每日四环素，或米诺环素。糖皮质激素皮损内注射。2.保持局部皮肤干燥、清洁。3.手术治疗。', '口服：五味消毒饮。外用：金黄散。', '出现化脓性汗腺炎应及时就医，以防止病情继续恶化。');
INSERT INTO `sickness` VALUES (21, '\\\\21.jpg', '红皮病', '', 0, '广泛的红斑浸润伴有糠秕状脱屑。', '', '银屑病、湿疹、脂溢性皮炎、毛发红糠疹、扁平苔藓恶化而引起等。', '', '1.燕麦浴或湿敷。2.外用药以保湿剂和润肤霜为主。', '', '出现红皮病应及时就医，以防止病情继续恶化。');
INSERT INTO `sickness` VALUES (22, '\\\\22.jpg', '汗疱疹', '鹅掌风', 1, '弥漫分布的深在性小水疱，针头至米粒大小，疱壁厚，疱液透明，瘙痒或灼痛。', '手心、脚底出现水疱状皮疹，伴有瘙痒、疼痛。', '发生在皮肤湿疹样的超敏反应。', '与外界的湿热邪气、脾胃湿热等因素有关。', '1.口服：泼尼松。外用：炉甘石洗剂，曲安奈德软膏，水杨酸软膏。2.调整膳食结构，多吃蔬菜、谷类等。', '1.口服：龙胆泻肝汤、清胃汤。2.注意个人卫生，保持手部清洁。', '出现汗疱疹应及时就医，以防止病情继续恶化。');
INSERT INTO `sickness` VALUES (23, '\\\\23.jpg', '黄色瘤', '', 0, '边界清楚的淡黄色或橘黄色脂质沉积性隆起斑块结节。', '', '可能是遗传因素、脂肪代谢障碍等非遗传性疾病所致', '', '放射治疗，大剂量激素冲击疗法及必要的手术治疗。', '', '出现黄色瘤应及时就医，以防止病情继续恶化。');
INSERT INTO `sickness` VALUES (24, '\\\\24.jpg', '黑色素瘤', '厉疽', 1, '开始为黑褐色斑片或斑块，瘤体继续增大，损害隆起呈斑块或结节状。', '迅速长大的黑色素结节。', '遗传背景基础上，长期紫外线照射、反复摩擦、外伤刺激等导致黑素细胞的DNA损伤。', '风邪搏于血气，变化所生；或脉络之血，滞于卫分，阳气束结而成。', '1.尽早局部手术切除。2.化疗，免疫疗法。', '1.八珍益气汤，桃红四物汤，海藻玉壶汤。2.针灸治疗，按摩治疗。', '出现黑色素瘤应及时就医，以防止病情继续恶化。');
INSERT INTO `sickness` VALUES (25, '\\\\25.jpg', '坏死性筋膜炎', '坐马痈', 1, '片状红肿、疼痛，疼痛缓解，患部麻木，奇臭的血性渗液。', '皮肤红肿，颜色逐渐由浅变深，最后出现水泡化脓坏死。', '需氧菌和厌氧菌协同作用所致。', '湿热太盛,气滞血瘀,感染毒气引起。', '1.抗生素。2.手术清创。3.高压氧治疗。', '1.五味消毒饮，龙胆泻肝汤，仙方活命饮。2.针灸放血。3.中医推拿，热敷。', '出现坏死性筋膜炎应及时就医，以防止病情继续恶化。');
INSERT INTO `sickness` VALUES (26, '\\\\26.jpg', '汗腺汗囊瘤', '', 0, '单个或多个囊性透明丘疹，呈棕褐色或淡蓝色。', '', '外泌汗腺真皮内导管因分泌物过多受压扩张而致。', '', '1.外用：红霉素软膏、莫匹罗星软膏。2.激光治疗，液氮冷冻治疗等。3.注意个人卫生，勤洗澡，勤换洗衣物。', '', '一般可自动消退，根据自身情况选择是否就医。');
INSERT INTO `sickness` VALUES (27, '\\\\27.jpg', '环状肉芽肿', '', 0, '正常肤色或红斑丘疹及直径5cm的环形损伤。', '', '由感染、过敏或自身免疫等原因引起。', '', '1.局部注射曲安奈德。2.口服或外用维生素E。3.手术切除，冷冻治疗。', '', '一般可自动消退，根据自身情况选择是否就医。');
INSERT INTO `sickness` VALUES (28, '\\\\28.jpg', '疥疮', '癞病', 1, '有丘疹、水疱及隧道，阴囊瘙痒性结节，夜间瘙痒加剧为特点。', '出现丘疹，水泡，结节，隧道等，皮肤瘙痒，夜间明显。', '由疥螨在人体皮肤表皮层内引起。', '湿热内蕴以及虫毒所致。', '1.外用：10%硫磺软膏、3%水杨酸软膏。口服：伊维菌素、抗组胺药。2.皮损内药物注射糖皮质激素。3.手术切除结节。', '1.口服：黄连解毒汤，五味消毒饮。2.注意个人卫生。3.苦参、百部等煎水外洗。', '出现疥疮应及时就医，以防止病情继续恶化。');
INSERT INTO `sickness` VALUES (29, '\\\\29.jpg', '基底细胞癌', '恶疮', 1, '暗褐色浸润的小结节，破溃后结黑色坏死性痂，中心坏死向深部组织扩展蔓延。', '有光泽的丘疹，缓慢增大，溃烂后愈合。', '本病为来自基底细胞的恶性肿瘤，它与日光照晒有密切关系。', '正气不足，气血瘀滞，痰湿内结所致。', '1.手术切除。2.电烧术。3.液氮冷冻。4.激光治疗。5.维A酸类、5％氟尿嘧啶乳膏和咪喹莫特乳膏。', '1.使用当归、白芍、甘草等中药外敷。口服：牛黄解毒片、六神丸。3.针灸治疗。4.按摩推拿。', '出现基底细胞癌应及时就医，以防止病情继续恶化。');
INSERT INTO `sickness` VALUES (30, '\\\\30.jpg', '甲沟炎', '蛇眼疔', 1, '急性或慢性化脓性、触痛性和疼痛性甲周组织肿胀。', '甲周软组织发红肿痛.严重时形成脓肿。', '损伤导致甲上皮与甲板分离，进而被细菌感染。', '湿热蕴结、血凝毒滞、热盛肉腐所致。', '1.醋酸铝溶液或氯己定溶液冲洗。口服：头孢氨苄胶囊、阿莫西林胶囊、阿奇霉素分散片。2.手术治疗切除。3.注射治疗：注射用阿莫西林钠、甲硝唑注射液、注射用青霉素钠。', '1.外用：金黄膏、白玉散。口服：五味消毒饮、透脓散、黄连解毒汤。', '出现甲沟炎应及时就医，以防止病情继续恶化。');
INSERT INTO `sickness` VALUES (31, '\\\\31.jpg', '角化棘皮瘤', '', 0, '皮损呈坚实圆顶形结节，皮色或淡红色。', '', '紫外线辐射、职业接触，以及相关基因易感性。', '', '1.外用：5%咪喹莫特乳膏。2.CO2激光、液氮冷冻、光动力治疗。3.手术切除。', '', '一般可自动消退，根据自身情况选择是否就医。');
INSERT INTO `sickness` VALUES (32, '\\\\32.jpg', '静脉湖', '', 0, '皮疹为单发，形状稍不规则之丘疹，呈深蓝至黑色。', '', '静脉扩张，由于缺乏周围组织的支撑而形成。', '', '1.迈之灵片、地奥司明片、羟苯磺酸钙分散片。2.手术切除、液氮冷冻、电烙铁术，氩激光治疗。', '', '不会危及生命，但会影响美观，可根据患者情况选择是否就医。');
INSERT INTO `sickness` VALUES (33, '\\\\33.jpg', '鸡眼', '肉刺', 1, '圆锥形、鸡眼形状的角质增生物。', '边界清楚、蚕豆大小的淡黄色圆形或椭圆形，质地坚硬的角质', '足部被长期挤压或摩擦形成。', '足趾皮肤长期受到摩擦、挤压，造成气血运行不畅、足部肌肤失养。', '1.鸡眼膏外贴或鸡眼软膏外敷，外用：10%水杨酸冰醋酸、30%水杨酸火棉胶及水晶膏等。2.电烙，二氧化碳激光烧灼，接触X线照射，手术切除。', '1.鸦胆子仁捣烂外敷。2.针刺放血疗法。', '不会危及生命，根据自身情况选择就医。');
INSERT INTO `sickness` VALUES (34, '\\\\34.jpg', '卡波西肉瘤', '', 0, '皮肤多发性斑点状、斑块状或结节状病损。', '', '人类疱疹病毒HHV-8和其他免疫性、遗传性和环境因素之间复杂相互作用的结果。', '', '手术、放疗和化疗。', '', '出现卡波西肉瘤应及时就医，以防止病情继续恶化。');
INSERT INTO `sickness` VALUES (35, '\\\\35.jpg', '口角炎', '马嚼子疮', 1, '口角潮红、起疱、皲裂、糜烂、结痂、脱屑。', '嘴角皮肤粗糙、浸润、皲裂、脱屑。', '冷干的气候，使皮肤黏膜干裂，病菌乘虚而入造成感染。', '脾胃有客热，热气熏发于口。', '1.外用：金霉素软膏、红霉素软膏。口服：阿莫西林胶囊、头孢克肟分散片。2.避免进食辛辣刺激性食物。', '1.清热泻脾散，滋阴健脾丸。鲜马齿苋汁涂于患处、青白散香油调敷等。2.均衡饮食，注意营养。', '出现口角炎应及时就医，以防止病情继续恶化。');
INSERT INTO `sickness` VALUES (36, '\\\\36.jpg', '腿部溃疡', '', 0, '皮肤发黑、皮肤破溃等。', '', '外伤、下肢静脉曲张、糖尿病足、压疮、静脉炎等原因引起。', '', '1.卧床休息，抬高患肢。2.新霉素溶液、硼酸水或者生理盐水进行清洗或者湿敷。3.莫匹罗星软膏。4.手术治疗。', '', '出现腿部溃疡应及时就医，以防止病情继续恶化。');
INSERT INTO `sickness` VALUES (37, '\\\\37.jpg', '鳞状细胞癌', '翻花疮', 1, '疣状肿块或浸润硬斑，质地坚实，呈菜花状。', '生疮溃后，胬肉由疮口突出，头大蒂小，表面如花状', '与免疫功能低下及种族有关。', '肝虚血燥，邪毒结聚皮肤，逐渐恶变而成。', '1.手术切除。2.放疗和化疗综合治疗。', '栀子清肝散，藜芦膏。', '出现鳞状细胞癌应及时就医，以防止病情继续恶化。');
INSERT INTO `sickness` VALUES (38, '\\\\38.jpg', '梅毒', '', 0, '圆形或椭圆形、边界清晰的溃疡。', '', '由梅毒螺旋体感染引起。', '', '1.普鲁卡因青霉素、苄星青霉素，头孢曲松钠、多西环素。', '', '出现梅毒应及时就医，以防止病情继续恶化。');
INSERT INTO `sickness` VALUES (39, '\\\\39.jpg', '毛发苔藓', '', 0, '毛囊口内有一个小的角质栓或大如针头和毛孔一致的角化性丘疹。', '', '与遗传因素，营养缺乏有关。', '', '1.口服：维生素A和维生素E。外用:维A酸乳膏、维胺酯乳膏、他扎罗丁凝胶等，尿素乳膏，水杨酸乳膏和鱼肝油乳膏。', '', '一般无需就医。');
INSERT INTO `sickness` VALUES (40, '\\\\40.jpg', '毛囊瘤', '', 0, '略高出皮面的丘疹，顶圆结节，中央凹陷，结节正常肤色或淡红色。', '', '可能是家族遗传引起。', '', '1.手术切除。2.冷冻治疗、二氧化碳激光。', '', '出现毛囊瘤应及时就医，以防止病情继续恶化。');
INSERT INTO `sickness` VALUES (41, '\\\\41.jpg', '毛囊炎', '白秃疮', 1, '出现红色充实性丘疹、脓胞疮、四周红晕有炎症。', '呈与毛囊一致的红色丘疹，中心有毛发贯穿,顶端迅速化脓形成脓点,周围绕以红晕。', '葡萄球菌感染，机体抵抗力低下可为诱因。', '热毒炽盛、壅积于肌表所引起。', '1.外用：1%新霉素软膏、莫匹罗星软膏、夫西地酸软膏或2%碘酊。2.紫外线照射', '1.黄连上清片，牛黄解毒丸，西黄丸。2.针灸治疗。3.注意饮食清淡。', '出现毛囊炎应及时就医，以防止病情继续恶化。');
INSERT INTO `sickness` VALUES (42, '\\\\42.jpg', '脓疱病', '黄水疮', 1, '初始表现为红斑，逐渐变淡或形成脓液、渗出。', '初为红斑或水疱，很快变成脓疱，周围有红晕。', '金黄色葡萄球菌，乙型溶血性链球菌等感染所致。', '暑湿热邪袭于肌表，以致气机不畅，疏泄障碍，熏蒸皮肤而发。', '1.外用：莫匹罗星软膏、夫西地酸乳膏、炉甘石洗剂。口服：头孢克肟胶囊、阿莫西林胶囊、青霉素V钾片。2.注意饮食清淡。', '1.口服：复方紫草油，三黄膏，加味青黛散外敷。外用：硫磺软膏，黄连素片，冰硼散。2.避免触碰患处，保持干燥清洁。', '出现脓疱病应及时就医，以防止病情继续恶化。');
INSERT INTO `sickness` VALUES (43, '\\\\43.jpg', '脓肿', '痈', 1, '局部红肿、疼痛、高于体表的肿块，伴随全身症状如发热等。', '局部皮肤红肿,可出现化脓等现象。', '通常是由细菌感染所致。', '邪气侵袭和正气不足，以致毒邪聚结于体内形成。', '1.外用：红霉素软膏、夫西地酸乳膏、莫匹罗星软膏。口服：头孢克肟胶囊、阿莫西林胶囊。2.切开引流，让脓液流出帮助消退炎症。3.穿刺引流，在超声或CT引导下穿刺脓肿，帮助消除脓肿。', '1.外用：鱼石脂软膏。常用中药有：蒲公英、鱼腥草、黄连、败酱草、大黄等。2.手术引流。', '出现脓肿应及时就医，以防止病情继续恶化。');
INSERT INTO `sickness` VALUES (44, '\\\\44.jpg', '皮肤癣菌病', '癣', 1, '皮损为红斑、水疱、鳞屑和角化增厚，伴瘙痒。', '皮损为红斑、水疱、鳞屑和角化增厚，伴瘙痒。', '毛癣菌属、小孢子菌属和表皮癣菌属，侵犯人的皮肤、毛发、甲板所致。', '湿热内蕴,兼感毒邪,毒热炽盛,灼伤皮肤。', '1.外用：克霉唑软膏、咪康唑软膏、益康唑软膏。口服：伊曲康唑、特比萘芬、氟康唑。2.注意皮肤的护理，保持皮肤干净、避免真菌感染。', '1.服用：金银花，蒲公英，黄柏，苦参等中药。外用：苦参软膏，金霉素软膏，青黛膏，龙珠软膏。2.针灸治疗。3.刮痧。4.注意皮肤清洁卫生，注意合理膳食。', '出现皮肤癣菌病应及时就医，查清病因，以防止病情继续恶化。');
INSERT INTO `sickness` VALUES (45, '\\\\45.jpg', '皮肤纤维瘤', '', 0, '圆形或卵圆形丘疹或结节，色泽深浅不一。', '', '自然发生，也可能是被昆虫叮咬、外伤后引起。', '', '1.皮损内注射皮质类固醇激素，如曲安奈德。2.手术切除，激光治疗，冷冻治疗。', '', '一般可自动消退，根据自身情况选择是否就医。');
INSERT INTO `sickness` VALUES (46, '\\\\46.jpg', '皮角', '', 0, '锥形角质增生性损害，角突表面光滑，基地较宽且硬，呈肤色、淡黄或褐色。', '', '日晒。', '', '1.口服：左旋咪唑，马来酸氯苯那敏。外用：克霉唑乳膏，水杨酸软膏，维A酸乳膏。2.手术切除。', '', '出现皮角应及时就医，以防止病情继续恶化。');
INSERT INTO `sickness` VALUES (47, '\\\\47.jpg', '皮肌炎', '肌痹', 1, '出现扁平的紫红色丘疹。', '皮肤疼痛、皮肤红肿等。', '可能与遗传、自身免疫、感染、恶性肿瘤及药物等因素有关。', '气血亏虚、先天性气虚或者风寒湿邪侵袭等。', '1.用药：醋酸泼尼松，甲泼尼龙，红霉素，阿奇霉素。2.合理休息，预防感染。3.血浆置换。', '1.益气凉血汤，益元清热祛湿汤，二参二藤汤。2.针灸、按摩等。', '出现皮肌炎应及时就医，以防止病情继续恶化。');
INSERT INTO `sickness` VALUES (48, '\\\\48.jpg', '皮炎', '皮炎', 1, '皮肤出现斑疹、丘疹、水疱、苔藓样变等。', '皮肤瘙痒、皮疹、水疱、脱屑等。', '与感染病灶、内分泌及代谢改变等因素有关。', '湿热毒邪侵袭、肝火郁滞等。', '1.外用：炉甘石洗剂、糖皮质激素制剂、抗生素、钙调神经酶抑制剂。口服：依巴斯汀片，非索非那定片，氯雷他定片，扑尔敏片。2.避免辛辣刺激性食物，补充维生素B。3.保持患处干燥清洁。', '1.口服：导赤散，除湿胃苓汤，滋阴除湿汤。外用：黄连膏，苦参膏，青鹏软膏，冰黄肤乐软膏，龙珠软膏。2.针灸（鬼臣穴、百虫窠、委中穴等）。3.刮痧（鬼臣穴、百芳穴、膈俞穴、委中穴等）。', '出现皮炎应及时就医，查清病因，以防止病情继续恶化。');
INSERT INTO `sickness` VALUES (49, '\\\\49.jpg', '皮脂腺增生', '粉瘤', 1, '黄色丘疹或半球状隆起，淡黄色或黄色。', '中凹黄色丘疹。', '外伤和局部慢性炎症刺激所致。', '脏腑功能失调、饮食不当、情志不畅等。', '1.维A酸乳膏、他扎罗汀凝胶。2.电灼、冷冻、激光或手术切除。', '1.口服：牛黄解毒片、清火栀麦片。外用：如意金黄散、鱼石脂软膏。2.艾叶、薄荷、蛇床子等中药进行熏蒸。3.针灸', '不会危及生命，但会影响美观，可根据患者情况选择是否就医。');
INSERT INTO `sickness` VALUES (50, '\\\\50.jpg', '雀斑', '雀斑', 1, '浅褐或暗褐色针头大小到绿豆大斑疹，圆形、卵圆形或不规则。', '黄褐色或黄棕色斑点，圆形或椭圆形，数目多少不一。', '常染色体显性遗传，皮疹多由日晒引起。', '先天肾水不足、阴虚火炎、日晒热毒内蕴所致。', '1.外用：维A酸乳膏、氢醌乳膏、壬二酸。2.脱色疗法，腐蚀疗法。3.液氮冷冻治疗、CO2激光治疗、高频电刀刮除术。', '1.四君子汤，理中汤合真武汤，柴胡疏肝散等。祛斑软膏、中药祛斑面膜。2.针灸：针刺疗法，耳针疗法。', '不会危及生命，但会影响美观，可根据患者情况选择是否就医。');
INSERT INTO `sickness` VALUES (51, '\\\\51.jpg', '乳腺佩吉特病', '', 0, '乳头乳晕皮肤瘙痒，糜烂，破溃，渗液，结痂，脱屑，伴疼痛等湿疹样改变。', '', '尚不明确。', '', '1.外用：咪喹莫特乳膏。2.手术切除，放疗，化疗。', '', '出现乳腺佩吉特病应及时就医，以防止病情继续恶化。');
INSERT INTO `sickness` VALUES (52, '\\\\52.jpg', '水痘', '水痘', 1, '发热及皮肤和黏膜成批出现周身性红色斑丘疹、疱疹、痂疹。', '皮肤分批出现斑疹、丘疹、疱疹、结痂。', '水痘-带状疱疹病毒感染引起。', '感染水痘湿邪引起。', '1.外用：炉甘石洗剂、扑尔敏、红霉素软膏。口服：阿昔洛韦，伐昔洛韦。2.加强护理，保持皮肤清洁。3.隔离传染源，避免交叉感染。', '1.口服：银翘解毒丸，小儿金丹片，小儿化毒散，赛金化毒散。外敷用药：黄柏，马齿苋。2.注意卫生清洁。3.针灸治疗，拔罐。', '出现水痘应及时就医，以防止病情继续恶化。');
INSERT INTO `sickness` VALUES (53, '\\\\53.jpg', '色素性干皮病', '', 0, '在光暴露部位会出现皮肤萎缩、大量雀斑样的色素沉着以及皮肤新生物和肿瘤。', '', '遗传。', '', '1.严格注意防晒。2.涂抹遮光剂。3.手术切除肿瘤。', '', '出现色素性干皮病应及时就医，以防止病情继续恶化。');
INSERT INTO `sickness` VALUES (54, '\\\\54.jpg', '色素痣', '黑痣', 1, '皮损斑疹、丘疹、结节，疣状或乳头状，圆形。', '皮损斑疹、丘疹、结节，疣状或乳头状，圆形。', '属发育畸形，黑素细胞向表皮移动异常局部聚集', '肾中浊气滞结皮肤而成。', '1.遮盖霜遮盖。2.化学药物剥脱、激光、冷冻、外科手术切除', '1.口服常用：丹参、赤芍、桃仁等。外用常用：红花、当归、薏苡仁。2.针灸疗法。3.中药熏洗法。', '不会危及生命，可根据患者情况选择是否就医。');
INSERT INTO `sickness` VALUES (55, '\\\\55.jpg', '湿疹', '湿疮', 1, '皮损为多形性，以红斑、丘疹、丘疱疹为主，瘙痒剧烈。', '红斑、丘疹、丘疱疹及水疱、脱屑。', '生活环境、气候变化、食物、慢性消化系统疾病、精神紧张、内分泌失调等。', '湿热内深，又感受风邪，使内外两邪相搏、风湿热邪侵及肌肤所致。', '1.口服：氯雷他定胶囊、苯海拉明糖浆、扑尔敏片。外用：复方炉甘石洗剂、硼酸溶液、尿素软膏、他克莫司软膏、匹美莫司软膏。2.紫外线疗法、超声波疗法以及CO2激光疗法。3.调整饮食，不要吃有刺激性的食物。', '1.龙胆泻肝汤，除湿胃苓汤，参苓白术散，当归饮子，四物消风汤。2.注意生活起居，少吃辛辣、海鲜等刺激食物，避免高温刺激皮肤。3.针灸、拔罐、火针、梅花针。', '出现湿疹应及时就医，以防止病情继续恶化。');
INSERT INTO `sickness` VALUES (56, '\\\\56.jpg', '手足口病', '手足口病', 1, '口痛，厌食，低热，手，足，口腔等部位出现小疱疹。', '发于手足,上熏口咽,外透肌肤,发为疱疹,并见发热。', '肠道病毒感染。', '湿热疫毒经口鼻而入。', '1.口服：布洛芬颗粒、对乙酰氨基酚混悬液、利巴韦林颗粒。外用：红霉素软膏、盐酸金霉素软膏、阿昔洛韦乳膏2.注意隔离，清淡饮食。3.衣着要舒适、柔软，经常更换。', '1.外用：西瓜霜、双料喉风散、冰硼散。口服：银翘散、清瘟败毒饮、己椒苈黄丸合参附汤。2.针灸治疗，推拿治疗。', '出现手足口病应及时就医，以防止病情继续恶化。');
INSERT INTO `sickness` VALUES (57, '\\\\57.jpg', '天疱疮', '火赤疮', 1, '水疱疱壁薄易破溃，可结痂。', '出现大小不一、形态不规则的水泡和疱疹。', '免疫系统紊乱', '心火妄动、脾湿内蕴、外感湿邪毒邪、内外之邪相搏，辅以肌肤部的宣泄，伴发皮肤而形成。', '1.口服：甲泼尼龙片，环胞素。外用：莫匹罗星软膏，炉甘石洗剂，氧化锌乳膏。2.血浆置换，免疫吸附，体外光化学疗法。', '1.清瘟败毒饮，清脾除湿饮，除湿胃苓汤，参苓白术散，解毒养阴汤。2.针灸疗法。3.注意合理饮食，多吃新鲜的水果蔬菜。', '出现天疱疮应及时就医，以防止病情继续恶化。');
INSERT INTO `sickness` VALUES (58, '\\\\58.jpg', '血管纤维瘤', '', 0, '皮肤色到淡红色丘疹。', '', '真皮浅层纤维性增生和不同程度的血管增生所致。', '', '1.布洛芬缓释胶囊、双氯芬酸钠缓释片。2.手术切除。3.放疗，化疗。', '', '出现血管纤维瘤应及时就医，以防止病情继续恶化。');
INSERT INTO `sickness` VALUES (59, '\\\\59.jpg', '血管炎', '血管炎', 1, '发热、乏力、关节肌肉疼痛、隆起性紫癜、结节性坏死性皮疹等。', '隆起性紫癜、结节性坏死性皮疹。', '血清病、药物反应、感染，以及乙肝病毒、中华巨细胞病毒、单纯疱疹病毒感染等。', '正气不足、风寒湿邪侵袭等所致。', '1.泼尼松、甲氨蝶呤、阿司匹林、硝苯地平等。2.手术治疗：止血清创，血管重建。', '五味消毒饮、水牛角解毒丸、犀角地黄汤、四妙汤、八珍汤、人参养荣丸、十全大补汤', '出现血管炎应及时就医，以防止病情继续恶化。');
INSERT INTO `sickness` VALUES (60, '\\\\60.jpg', '荨麻疹', '风团疹', 1, '常先有皮肤瘙痒，随即出现红色或皮肤色风团。', '皮疹时隐时现。', '过敏、感染、冷热、日光等刺激，精神及遗传因素等。', '禀赋不足，卫外不固，感受外邪侵袭或化热动风或心经郁热所致。', '1.外用：炉甘石洗剂、他克莫司软膏、丙酸氟替卡松乳膏。口服：氯雷他定片、盐酸西替利嗪片、盐酸奥洛他定片。2.避免抓挠患处，保持皮肤清洁干燥，饮食以清淡为主。3.紫外线照射。', '1.消风散、麻黄汤、桂枝汤、荆防四物汤。2.针灸、拔罐、刮痧', '出现荨麻疹应及时就医，以防止病情继续恶化。');
INSERT INTO `sickness` VALUES (61, '\\\\61.jpg', '疣', '千日疮', 1, '逐渐增大的丘疹，多为圆形，表面粗糙呈刺状。', '逐渐增大的丘疹，多为圆形，表面粗糙呈刺状。', '由人乳头瘤病毒感染所致。', '情志不畅、外邪侵袭、饮食不节等所致。', '1.外用：干扰素软膏、氟尿嘧啶软膏。口服：西咪替丁。2.冷冻治疗、电灼治疗、激光治疗。3.手术治疗。', '1.中成药物：牛黄解毒片、清热散结胶囊、大败毒胶囊、湿疣散。2.中药汤剂：银翘散、玉屏风散、参苓白术散、二妙散。3.中成药膏：如意金黄散、拔毒生肌膏。4.艾灸、火蒸。', '出现疣应及时就医，查清病因，以防止病情继续恶化。');
INSERT INTO `sickness` VALUES (62, '\\\\62.jpg', '幼儿急疹', '婴儿潮热', 1, '出现玫瑰红斑丘疹。', '粟粒样玫瑰色小丘疹。', '由人类疱疹病毒6、7型感染所致。', '阴虚火旺。', '1.口服：对乙酰氨基酚，布洛芬。2.退热剂。', '1.口服：六味地黄丸、知柏地黄丸。2.按摩推拿。3.针灸治疗。', '出现幼儿急疹应及时就医，以防止病情继续恶化。');
INSERT INTO `sickness` VALUES (63, '\\\\63.jpg', '鱼鳞病', '蛇皮癣', 1, '皮肤干燥，伴有鱼鳞状脱屑。', '皮肤比较干燥，并且伴有瘙痒、脱屑等。', '多系遗传因素所致。', '与先天禀赋不足、脾胃虚弱、血虚风燥、气血亏虚、肺热津伤等有关。', '1.外用：凡士林、秸秆软膏、水杨酸软膏；硫黄煤焦油软膏。口服：维生素A。2.紫外线照射。3.适当用盐水洗浴。', '1.口服：十全大补丸、大黄廑虫丸。外用：养血润肤饮、血府逐瘀汤。2.按摩推拿，针灸治疗。', '出现鱼鳞病应及时就医，查清病因，以防止病情继续恶化。');
INSERT INTO `sickness` VALUES (64, '\\\\64.jpg', '硬皮病', '皮痹', 1, '局部皮肤肿胀，逐渐发生硬化萎缩。', '局部皮肤肿胀，逐渐发生硬化萎缩。', '可能与遗传、感染、化学物质等因素有关。', '局部气血闭阻不通。', '1.口服：醋酸泼尼松片、维生素E、复方磷酸酯片、苯海索。外用：卡泊三醇软膏、他克莫司软膏、积雪苷软膏、维生素E软膏。2.水疗、蜡疗、音频电疗、热疗。3.保持皮肤湿润。', '1.寒湿痹颗粒、风湿祛痛胶囊、大活络丸、通脉汤。2.针刺、艾灸、推拿。', '出现硬皮病应及时就医，查清病因，以防止病情继续恶化。');
INSERT INTO `sickness` VALUES (65, '\\\\65.jpg', '樱桃血管瘤', '血瘤', 1, '卵圆形或圆形深红色丘疹。', '以肿块生于血管而皮色鲜红或暗紫为特点。', '可能与衰老和基因突变有关。', '与感受外邪、情志所伤、饮食不节、脏腑功能受损相关。', '1.口服：普萘洛尔、糖皮质激素等。2.高频电刀切除或液氮冷冻、激光。', '1.桂枝茯苓胶囊、血府逐瘀丸、归脾丸、丹栀逍遥丸、龙胆泻肝丸。2.针灸，艾灸，按摩。', '不会危及生命，但会影响美观，可根据患者情况选择是否就医。');
INSERT INTO `sickness` VALUES (66, '\\\\66.jpg', '银屑病', '白庀', 1, '以红斑，鳞屑为主。', '以红斑，鳞屑为主。', '由遗传因素、环境因素等所致。', '风、湿、热三邪蕴阻肌肤所致，或营血不足、血虚生风化燥、皮肤失养所致。', '1.口服：复合维生素B，叶酸，多维元素片。外用：卤米松乳膏，地奈德乳膏，糠酸莫米松乳膏。2.光化学疗法。3.避免皮肤暴晒。4.心理治疗，缓解压力。', '1.外用：银屑灵膏、黄连膏、紫草油。口服：郁金银屑片、消银胶囊、润燥止痒胶囊、复方青黛胶囊、清营汤、犀角地黄汤、黑蛇止痒丸。2.刺络拔罐，耳穴针刺，封包疗法。3.保持皮肤清洁，清洗时用温水。', '出现银屑病应及时就医，以防止病情继续恶化。');
INSERT INTO `sickness` VALUES (67, '\\\\67.jpg', '压性丘疹', '', 0, '呈质韧、黄色至肤色丘疹。', '', '尚不明确。', '', '1.倍他米松、熊去氧胆酸，进行皮损内注射。2.压力袜、矫形器。3.手术切除。', '', '不会危及生命，可根据患者情况选择是否就医。');
INSERT INTO `sickness` VALUES (68, '\\\\68.jpg', '晕痣', '', 0, '以斑点状色痣为中心的圆形、椭圆形色素减退斑。', '', '可能与遗传因素、自身免疫力下降、精神压力过大、黑色素细胞自毁、药物因素等有关。', '', '1.激光治疗。2.手术治疗。', '', '不会危及生命，但会影响美观，可根据患者情况选择是否就医。');
INSERT INTO `sickness` VALUES (69, '\\\\69.jpg', '游走性红斑', '', 0, '出现红色斑疹或丘疹。', '', '蜱虫叮咬。', '', '1.外用：糠酸莫米松乳膏、复方樟脑乳膏。口服：赛庚啶,甲氰咪胍,维生素C,维生素B6。2.紫外线照射。3.局部热敷。', '', '出现游走性红斑应及时就医，以防止病情继续恶化。');
INSERT INTO `sickness` VALUES (70, '\\\\70.jpg', '脂溢性角化病', '脂溢性角化病', 1, '淡褐色斑疹或扁平丘疹，表面光滑或略呈乳头瘤状。', '淡褐色斑疹或扁平丘疹，表面光滑或略呈乳头瘤状。', '可能与遗传因素、饮食不当和皮肤感染等有关。', '由于情志内伤、饮食不节等因素引起。', '1.外用：维A酸乳膏、他扎罗汀乳膏、阿达帕林凝胶。2.冷冻疗法、激光灼烧、电灼烧，去除增生组织。3.手术治疗。4.注意防晒。', '1.外用常用：红花、桃仁、丹参、川芎等。2.针灸治疗。3.中药熏洗：蛇床子、地肤子、金银花、连翘等。', '不会危及生命，可根据患者情况选择是否就医。');
INSERT INTO `sickness` VALUES (71, '\\\\71.jpg', '蜘蛛痣', '血痣', 1, '痣体有一中心点，周围有辐射形的小血管分支。', '以痣体为中心，周围可以出现辐射状毛细血管扩张的表现。', '可能与雌激素水平增高有关。', '肝经郁堵，痰湿积滞。', '1.恩替卡韦分散片、注射用还原型谷胱甘肽。2.高频电灼，二氧化碳激光，液氮冷冻，手术切除。', '1.安络化纤丸、复方鳖甲软肝片。2.注意皮肤的清洁和卫生。3.针灸治疗。', '出现蜘蛛痣应及时就医，查清病因，以防止病情继续恶化。');

-- ----------------------------
-- Table structure for user_account
-- ----------------------------
DROP TABLE IF EXISTS `user_account`;
CREATE TABLE `user_account`  (
  `id` int NOT NULL AUTO_INCREMENT,
  `user` varchar(255) CHARACTER SET utf8mb4 COLLATE utf8mb4_0900_ai_ci NOT NULL,
  `password` varchar(255) CHARACTER SET utf8mb4 COLLATE utf8mb4_0900_ai_ci NOT NULL,
  `date` date NOT NULL,
  `deviceid` varchar(255) CHARACTER SET utf8mb4 COLLATE utf8mb4_0900_ai_ci NULL DEFAULT NULL,
  PRIMARY KEY (`id`) USING BTREE,
  UNIQUE INDEX `user`(`user` ASC) USING BTREE COMMENT '唯一账号'
) ENGINE = InnoDB AUTO_INCREMENT = 39 CHARACTER SET = utf8mb4 COLLATE = utf8mb4_0900_ai_ci ROW_FORMAT = Dynamic;

-- ----------------------------
-- Records of user_account
-- ----------------------------
INSERT INTO `user_account` VALUES (1, 'admin666', '123456', '2024-01-21', '17128527385294532284');
INSERT INTO `user_account` VALUES (2, 'qiu', '123456', '2024-01-23', '17117826415628843122');
INSERT INTO `user_account` VALUES (3, 'qiu3', '123456', '2024-01-27', '17117826415628843122');
INSERT INTO `user_account` VALUES (4, 'admin1', '123456', '2024-02-21', '17128527385294532284');
INSERT INTO `user_account` VALUES (9, 'admin2', '123456', '2024-02-21', '17117826415628843122');
INSERT INTO `user_account` VALUES (11, 'admin3', '123456', '2024-02-21', '17117826415628843122');
INSERT INTO `user_account` VALUES (12, 'efghij', '123456', '2024-02-21', '17117826415628843122');
INSERT INTO `user_account` VALUES (34, 'admin88', '123456', '2024-02-27', '17117826415628843122');
INSERT INTO `user_account` VALUES (35, 'admin1111', '123456', '2024-03-20', '17118517239706270200');
INSERT INTO `user_account` VALUES (37, 'admin123', '123456', '2024-03-20', '99719D63A236FD669D5E8419DB22511D');
INSERT INTO `user_account` VALUES (38, 'admin0', '123456', '2024-04-12', '8F928FE169183633D2E9D8A2DE1CEFC3');

-- ----------------------------
-- Table structure for user_info
-- ----------------------------
DROP TABLE IF EXISTS `user_info`;
CREATE TABLE `user_info`  (
  `info_id` int NOT NULL AUTO_INCREMENT,
  `user_id` int NULL DEFAULT NULL,
  `username` varchar(255) CHARACTER SET utf8mb4 COLLATE utf8mb4_0900_ai_ci NULL DEFAULT NULL,
  `sex` varchar(5) CHARACTER SET utf8mb4 COLLATE utf8mb4_0900_ai_ci NULL DEFAULT NULL,
  `age` int NULL DEFAULT NULL,
  `birth` varchar(7) CHARACTER SET utf8mb4 COLLATE utf8mb4_0900_ai_ci NULL DEFAULT NULL,
  `date` date NULL DEFAULT NULL,
  `is_default` int NULL DEFAULT NULL,
  PRIMARY KEY (`info_id`) USING BTREE,
  INDEX `useridlink`(`user_id` ASC) USING BTREE,
  CONSTRAINT `useridlink` FOREIGN KEY (`user_id`) REFERENCES `user_account` (`id`) ON DELETE CASCADE ON UPDATE CASCADE
) ENGINE = InnoDB AUTO_INCREMENT = 43 CHARACTER SET = utf8mb4 COLLATE = utf8mb4_0900_ai_ci ROW_FORMAT = Dynamic;

-- ----------------------------
-- Records of user_info
-- ----------------------------
INSERT INTO `user_info` VALUES (1, 1, '肤测汇', '男', 21, '2003-10', '2024-01-03', 1);
INSERT INTO `user_info` VALUES (2, 1, '皮肤云', '男', 21, '2003-09', '2024-01-04', 0);
INSERT INTO `user_info` VALUES (3, 4, '张三', '男', 26, '1998-02', '2024-02-26', 1);
INSERT INTO `user_info` VALUES (4, 1, '读研', '男', 21, '2003-02', '2024-03-21', 0);
INSERT INTO `user_info` VALUES (8, 1, '销售', '男', 21, '2003-06', '2024-02-27', 0);
INSERT INTO `user_info` VALUES (16, 37, '张三', '男', 12, '2012-03', '2024-03-20', 1);
INSERT INTO `user_info` VALUES (18, 35, '释迦', '女', 8, '2016-01', '2024-03-24', 1);
INSERT INTO `user_info` VALUES (22, 1, '工作', '男', 21, '2003-04', '2024-04-07', 0);
INSERT INTO `user_info` VALUES (23, 37, '李四', '男', 10, '2014-04', '2024-04-10', 0);
INSERT INTO `user_info` VALUES (25, 4, '王五', '男', 8, '2016-04', '2024-04-12', 0);
INSERT INTO `user_info` VALUES (30, 4, '赵四', '男', 8, '2016-04', '2024-04-12', 0);
INSERT INTO `user_info` VALUES (31, 4, '第七位', '男', 7, '2017-04', '2024-04-12', 0);
INSERT INTO `user_info` VALUES (32, 4, '恩肤霜', '男', 4, '2020-04', '2024-04-12', 0);
INSERT INTO `user_info` VALUES (33, 37, 'jdb', '男', 12, '2012-04', '2024-04-12', 0);
INSERT INTO `user_info` VALUES (36, 37, 'fdg', '男', 4, '2020-04', '2024-04-12', 0);
INSERT INTO `user_info` VALUES (38, 37, 'jxbdk', '男', 0, '2024-04', '2024-04-12', 0);
INSERT INTO `user_info` VALUES (39, 37, 'xhjxb', '男', 0, '2024-04', '2024-04-12', 0);
INSERT INTO `user_info` VALUES (40, 38, '肤测汇', '男', 0, '2024-01', '2024-04-12', 1);
INSERT INTO `user_info` VALUES (42, 38, 'skin', '男', 4, '2020-04', '2024-04-12', 0);

SET FOREIGN_KEY_CHECKS = 1;
